{"start": 1708842614.7203953, "end": 1708842636.6406236, "input_smiles": 1, "total": 100, "expected": 100}