{"start": 1708844738.3769526, "end": 1708844768.0971923, "input_smiles": 1, "total": 89, "expected": 100}