{"start": 1709461915.37201, "end": 1709461935.2142117, "input_smiles": ["CC(=O)c1ccccc1"], "total": 99, "expected": 100}