{"start": 1709461939.6297631, "end": 1709461961.8492436, "input_smiles": ["CC(=O)Oc1ccccc1C(O)=O"], "total": 98, "expected": 100}