{"start": 1709461966.5746036, "end": 1709462012.678615, "input_smiles": ["OC(=O)C(N2CCc1sccc1C2)c3ccccc3Cl"], "total": 99, "expected": 100}