{"start": 1709462016.9419072, "end": 1709462074.2228205, "input_smiles": ["CN(N=O)c1ccc(N=O)cc1"], "total": 100, "expected": 100}