{"start": 1709462079.044546, "end": 1709462103.9865308, "input_smiles": ["CC(C)Cc1ccc(cc1)C(C)C(O)=O"], "total": 98, "expected": 100}