{"start": 1709462108.3859906, "end": 1709462171.6557622, "input_smiles": ["NC(CCCCNC(=O)CCCCC1CCSS1)C(O)=O"], "total": 99, "expected": 100}