{"start": 1709462176.135265, "end": 1709462200.2030241, "input_smiles": ["CCCCC(CC)COC(=O)c1ccccc1C(O)=O"], "total": 100, "expected": 100}