{"start": 1709462204.3335927, "end": 1709462227.6726072, "input_smiles": ["CC(=O)Nc1ccc(O)cc1"], "total": 99, "expected": 100}