{"start": 1709462232.4761236, "end": 1709462265.259272, "input_smiles": ["[O-][N+](=O)c1c(Cl)c(Cl)c(Cl)c(Cl)c1Cl"], "total": 89, "expected": 100}