{"start": 1708839780.2178304, "end": 1708839797.8697782, "input_smiles": 1, "total": 99, "expected": 100}