{"start": 1708844783.6316257, "end": 1708844802.025528, "input_smiles": 1, "total": 99, "expected": 100}