{"start": 1708839802.15764, "end": 1708839823.1118722, "input_smiles": 1, "total": 98, "expected": 100}