{"start": 1708844806.405321, "end": 1708844828.056614, "input_smiles": 1, "total": 98, "expected": 100}