{"start": 1708844832.3382382, "end": 1708844874.6789901, "input_smiles": 1, "total": 99, "expected": 100}