{"start": 1708844879.007363, "end": 1708844933.4649334, "input_smiles": 1, "total": 100, "expected": 100}