{"start": 1708844938.0795083, "end": 1708844960.275404, "input_smiles": 1, "total": 98, "expected": 100}