{"start": 1708844964.6953561, "end": 1708845021.55274, "input_smiles": 1, "total": 99, "expected": 100}