{"start": 1708845026.0995255, "end": 1708845048.0856595, "input_smiles": 1, "total": 100, "expected": 100}