{"start": 1708845052.5081637, "end": 1708845073.3191972, "input_smiles": 1, "total": 99, "expected": 100}