{"start": 1708845077.742075, "end": 1708845107.3115008, "input_smiles": 1, "total": 89, "expected": 100}