{"start": 1708845111.9179528, "end": 1708845154.1683524, "input_smiles": 1, "total": 97, "expected": 100}