{"start": 1709461617.1203928, "end": 1709461783.7808897, "input_smiles": ["CC(=O)c1ccccc1", "CC(=O)Oc1ccccc1C(O)=O", "CN(N=O)c1ccc(N=O)cc1"], "total": 296, "expected": 300}